date,event_name,event_date,N,mean_tone,F1_raw,F2_raw,F3_raw,F4_raw,F5_raw,F1_z,F2_z,F3_z,F4_z,F5_z,GPR,GPR_zscore
2019-01-01,hormuz_crisis,2019-06-13,364,-2.55346789465184,2.55346789465184,2.7851185261454683,0.6240047382205166,0.6749472321359122,2.7851185261454683,-1.2673617926824925,-1.3753488815277102,-0.9860621332567934,-1.3338086883559517,-3.2954047009349123,83.74,-0.32585597144184586
2019-01-02,hormuz_crisis,2019-06-13,420,-3.508871557643166,3.508871557643166,3.9466853936953417,0.9726101815608732,0.7341955458581138,3.3964695090664545,0.064986320476386,0.138445321355455,-0.7736131396081947,0.1299830801971143,-1.3339567830829158,189.86,1.4125757062109026
2019-01-03,hormuz_crisis,2019-06-13,1160,-4.939393105834897,4.939393105834897,5.389265776329546,3.1238367859602567,0.7731305040139821,4.131818685178296,2.0599050751302235,2.0184660773115253,0.5373988825664844,1.0919120816660934,1.025324792759695,9.49,-1.5422011661809765
2019-01-04,hormuz_crisis,2019-06-13,609,-2.934361626739746,2.934361626739746,3.3205303733300258,1.1167877255142469,0.706573077746893,3.8959104816748735,-0.7361904512701534,-0.6775816043561699,-0.6857476896997854,-0.5524589828446423,0.2684409936118689,99.02,-0.07554277850428467
2019-01-05,hormuz_crisis,2019-06-13,394,-2.666511269793104,2.666511269793104,2.8969145904536777,0.6988560568286087,0.6947176905240643,3.651961398326189,-1.1097183447779575,-1.2296523755556554,-0.9404458423601708,-0.8453587658013866,-0.514241025332431,40.48,-1.0345306263161191
2019-01-06,hormuz_crisis,2019-06-13,641,-2.04066168768496,2.04066168768496,2.07555733969723,0.8103173627132744,0.6276378730812046,3.315524779110902,-1.9824902862548337,-2.300073613821372,-0.8725184972244943,-2.5026360525321034,-1.5936584544106132,40.5,-1.0342029912468291
2019-01-07,hormuz_crisis,2019-06-13,614,-3.4015487558882693,3.4015487558882693,3.891871235455994,1.3034230189778813,0.7228930719191539,3.425998812396326,-0.0846795620777601,0.0670096104233141,-0.5720074110175969,-0.1492563998277069,-1.2392154771063413,83.16,-0.33535738845125584
2019-01-08,hormuz_crisis,2019-06-13,549,-3.990484811198412,3.990484811198412,4.768687531957427,1.3923066707284688,0.7629099111183374,3.661751475480238,0.7366150094826428,1.2097069993709773,-0.5178394606113021,0.8394016081946681,-0.4828307111497824,67.88,-0.585670581388817
2019-01-09,hormuz_crisis,2019-06-13,567,-3.340955249190796,3.340955249190796,3.7616537692831984,1.1977905785238905,0.7186656487404586,3.678059936995688,-0.1691795984972261,-0.1026943049632435,-0.6363824978093009,-0.253699325919725,-0.4305069253434513,106.43,0.04584601466766107
2019-01-10,hormuz_crisis,2019-06-13,636,-4.013263880496389,4.013263880496389,4.506068106166756,1.5833368548598596,0.7612012010227195,3.805187337675959,0.7683813205973105,0.8674522610234632,-0.4014208241541638,0.7971861320794085,-0.0226335721759102,76.84,-0.43889007034689625
2019-01-11,hormuz_crisis,2019-06-13,649,-3.871707806525974,3.871707806525974,4.462759601727835,1.5532029826510478,0.7606293710535906,3.901016894399648,0.5709757889185257,0.8110111169217318,-0.4197851697138718,0.7830584725860529,0.2848243198622777,101.24,-0.03917528581309452
2019-01-12,hormuz_crisis,2019-06-13,427,-2.381583379870881,2.381583379870881,3.290321173546732,0.6697314655266193,0.6795218474093032,3.81591086622535,-1.5070615319870488,-0.7169512805954305,-0.9581951065519329,-1.2207880172042993,0.0117716113157924,51.76,-0.8497444472365582
2019-01-13,hormuz_crisis,2019-06-13,273,-3.66136022403995,3.66136022403995,4.236598478950156,0.690713962887108,0.7395203676489213,3.872317415509855,0.2776377837497828,0.5162701027427109,-0.9454078407945306,0.2615383906645462,0.1927454082641286,37.73,-1.079580448343494
2019-01-14,hormuz_crisis,2019-06-13,391,-2.957176871173029,2.957176871173029,3.428049696249171,0.769839647608153,0.7052104582462105,3.814712482649506,-0.704373692501646,-0.5374586959985618,-0.8971866428417208,-0.5861239276078133,0.007926738181873,89.27,-0.2352648747831604
2019-01-15,hormuz_crisis,2019-06-13,355,-3.983027536946776,3.983027536946776,4.479684864891059,0.9519451023615628,0.7570763256654741,3.898450671343401,0.7262155462365344,0.8330687065229269,-0.7862069626922353,0.6952767575349542,0.2765908942016681,102.54,-0.017879006309244237
2019-01-16,hormuz_crisis,2019-06-13,436,-2.9168510715019726,2.9168510715019726,3.2182260250415613,0.8352872904244127,0.6941918535078578,3.81495658370972,-0.7606096116053417,-0.8109081770187363,-0.8573011903377219,-0.8583501211255649,0.008709907800764,92.77,-0.17792873765741016
2019-01-17,hormuz_crisis,2019-06-13,549,-2.979009740984271,2.979009740984271,3.2474282481698697,1.0393962966349104,0.7109798037240618,3.74684458904648,-0.6739268939131046,-0.7728508276590913,-0.7329119881826105,-0.4435861929473086,-0.2098194376083783,160.64,0.9339008699782099
2019-01-18,hormuz_crisis,2019-06-13,448,-3.302460346992678,3.302460346992678,3.7729826219814817,0.9682690930245448,0.7284645286987722,3.749919994146921,-0.2228622588183261,-0.0879301514572532,-0.7762587090004717,-0.011607713131017,-0.1999523610855107,112.83,0.15068923684046143
2019-01-19,hormuz_crisis,2019-06-13,361,-4.544039691991008,4.544039691991008,5.005021238110987,1.10232466359981,0.7723000517148245,3.895032692298789,1.5085691368561318,1.5177052767975596,-0.6945618462412239,1.071394886098597,0.265624709362505,22.32,-1.3320232692314402
2019-01-20,hormuz_crisis,2019-06-13,398,-3.7246874557566376,3.7246874557566376,4.449476795309965,0.9848975853959412,0.7773861520837662,3.958150789729675,0.3659501075953216,0.7937005032023482,-0.7661248842490679,1.197052333313026,0.4681317212807164,47.83,-0.9141247383520436
2019-01-21,hormuz_crisis,2019-06-13,403,-4.173571493551154,4.173571493551154,4.975216341695155,1.115758295974537,0.7628342059141818,4.072353264243885,0.9919366135609072,1.4788625027203437,-0.6863750501553422,0.8375312316773021,0.8345369649251755,70.8,-0.5378358612724768
2019-01-22,hormuz_crisis,2019-06-13,559,-3.980229338642123,3.980229338642123,4.74268452528152,1.4100255021213317,0.7503682532853694,4.146708697008206,0.7223133482694725,1.1758189797802063,-0.5070411556222214,0.5295467896088625,1.0730976491326811,144.77,0.673922442496594
2019-01-23,hormuz_crisis,2019-06-13,491,-2.162647249469867,2.162647249469867,2.365133635224348,0.6861970598738872,0.6477624634974389,3.9512256492747966,-1.8123766061712951,-1.922687748480725,-0.9481605559855844,-2.0054369265804866,0.4459132204431883,58.19,-0.7444097724598228
2019-01-24,hormuz_crisis,2019-06-13,1058,-3.441970283677438,3.441970283677438,3.578475684637686,2.031954974631869,0.7154718193786039,3.91071963188032,-0.0283101463354353,-0.3414183340124899,-0.1280215703592746,-0.3326062320633519,0.3159544149477493,91.32,-0.2016822801809353
2019-01-25,hormuz_crisis,2019-06-13,873,-3.542367287194718,3.542367287194718,3.696138108154404,1.8036898568215125,0.7315630210439303,3.887601859263579,0.1116974372489155,-0.1880765853859144,-0.2671321192342731,0.064943791963846,0.241783753198209,91.14,-0.2046309958045452
2019-01-26,hormuz_crisis,2019-06-13,339,-2.6313080957836608,2.6313080957836608,2.8788614586423007,0.6035506927786152,0.691500149984316,3.779760073085694,-1.1588105602315124,-1.2531798426722007,-0.9985273470197696,-0.9248514814785336,-0.1042139680214385,40.13,-1.040264240028694
2019-01-27,hormuz_crisis,2019-06-13,252,-3.6025834704319903,3.6025834704319903,4.445782481144352,0.6316642003459093,0.7253826518597007,3.850474329292342,0.1956712812120171,0.788885944933025,-0.9813942628849572,-0.0877487147108933,0.1226644283070891,75.63,-0.4587119920389415
2019-01-28,hormuz_crisis,2019-06-13,424,-2.7680574654675767,2.7680574654675767,3.105336455978704,0.7736415116142464,0.6891365233861532,3.771845521939385,-0.9681081673773984,-0.9580297762890384,-0.8948696905464728,-0.9832473570902192,-0.129606877005552,101.15,-0.040649643624899354
2019-01-29,hormuz_crisis,2019-06-13,688,-3.318888449362221,3.318888449362221,3.757048710328068,1.3966914010652216,0.7117203817534563,3.7757333201545418,-0.1999526217270135,-0.1086957774096094,-0.5151672947996108,-0.4252894355327131,-0.1171333324670072,101.45,-0.03573511758554938
2019-01-30,hormuz_crisis,2019-06-13,728,-3.148224232031239,3.148224232031239,3.5712050083207987,1.3871238031465545,0.6880968985726601,3.7532069005000017,-0.4379506080783968,-0.3508937313977133,-0.5209980314914379,-1.008932379140128,-0.18940670760243,173.69,1.147682752689936
2019-01-31,hormuz_crisis,2019-06-13,951,-2.212382978264956,2.212382978264956,2.424246236489135,1.2039920772868755,0.653329147306364,3.603936529144317,-1.7430181695401816,-1.8456501576094129,-0.6326031472670807,-1.8679061611337595,-0.668323184834044,148.14,0.7291289516719589
2019-02-01,hormuz_crisis,2019-06-13,710,-2.6039405013634136,2.6039405013634136,2.868115930050523,1.1242647772952183,0.659774341065947,3.5278560128299845,-1.1969757507158665,-1.267183787983985,-0.6811909848155907,-1.7086708854051966,-0.9124185972612094,113.57,0.1628117344041914
2019-02-02,hormuz_crisis,2019-06-13,270,-2.7928149739097314,2.7928149739097314,3.114578085567464,0.5215819261025201,0.6778326594614118,3.4877302656210003,-0.933582844796843,-0.94598576428466,-1.048481191182642,-1.26252117817249,-1.0411573504718017,75.84,-0.4552718238113963
2019-02-03,hormuz_crisis,2019-06-13,350,-2.730733479048228,2.730733479048228,2.905750298218861,0.6444578241033591,0.6771885343941102,3.43411700516712,-1.0201579394346765,-1.2181373749414277,-0.9735975042734306,-1.278434963936176,-1.2131692078570235,82.25,-0.3502647841039509
2019-02-04,hormuz_crisis,2019-06-13,653,-3.2499396941030407,3.2499396941030407,3.515741657266694,1.3103824508363202,0.7204255400875438,3.440202296741976,-0.2961043820066439,-0.4231754929077295,-0.5677661568348622,-0.2102193632748849,-1.1936452636376256,179.98,1.2507239819816414
2019-02-05,hormuz_crisis,2019-06-13,695,-3.0721534736944536,3.0721534736944536,3.363383623183465,1.303575814438421,0.7166031701547672,3.424759645874596,-0.5440342827204326,-0.621733763809827,-0.5719142935908731,-0.3046550238440151,-1.243191197538337,106.41,0.0455183795983709
2019-02-06,hormuz_crisis,2019-06-13,1038,-2.2265689374513262,2.2265689374513262,2.312205239736452,1.2956010445648702,0.6233567461016207,3.305499633311124,-1.7232352896042469,-1.9916658680327144,-0.5767743204968813,-2.60840578738444,-1.6258229587697728,103.1,-0.00870522436912439
2019-02-07,hormuz_crisis,2019-06-13,613,-3.746481867706005,3.746481867706005,4.135242134207215,1.4336534942540022,0.7325825200263841,3.386425998903392,0.396343275177735,0.3841790011594405,-0.4926416582924509,0.0901315842369091,-1.3661802073475502,92.48,-0.18267944616211504
2019-02-08,hormuz_crisis,2019-06-13,370,-2.7176895902060965,2.7176895902060965,2.945477259920499,0.6738314627512496,0.6773692792760895,3.333951941180797,-1.0383481572036295,-1.1663638214748473,-0.9556964643162053,-1.2739694719444568,-1.534537066396768,62.35,-0.6762616780475024
2019-02-09,hormuz_crisis,2019-06-13,197,-2.693961829936276,2.693961829936276,3.114712994369307,0.3760901053135267,0.6773758671777435,3.31105825124544,-1.071437455318733,-0.9458099464580216,-1.1371475947090657,-1.2738067109204327,-1.6079887851477623,30.33,-1.2008054239807948
2019-02-10,hormuz_crisis,2019-06-13,194,-3.017842792074493,3.017842792074493,3.344800627990037,0.4153113937313388,0.6889732272830539,3.309507539936169,-0.619772671616879,-0.6459517672514657,-1.1132451473630836,-0.9872817586881156,-1.6129640604866935,39.16,-1.0561545408892592
2019-02-11,hormuz_crisis,2019-06-13,722,-2.6489697204492204,2.6489697204492204,2.970535191505816,1.1593582851622044,0.6749098169368466,3.2730836836253294,-1.134180727617303,-1.1337074564993996,-0.6598041115685737,-1.3347330701141875,-1.7298257309786351,96.53,-0.11633334463088978
2019-02-12,hormuz_crisis,2019-06-13,874,-3.4575035725800207,3.4575035725800207,3.656180589251399,1.762059166111918,0.7508983238633141,3.306845576117956,-0.0066483619377176,-0.2401506089886639,-0.2925029174105776,0.5426427395186896,-1.6215046591517768,69.22,-0.5637190317463869
2019-02-13,hormuz_crisis,2019-06-13,834,-3.193294353322939,3.193294353322939,3.5508259527499506,1.5685157034877415,0.7113227336984937,3.3330803951483605,-0.3750985452395047,-0.3774524229764907,-0.4104532094879918,-0.4351137480416651,-1.5373333196103756,88.73,-0.24411102165399032
2019-02-14,hormuz_crisis,2019-06-13,1026,-3.327375005366334,3.327375005366334,3.6656465307933823,1.919127398212504,0.7106032126054708,3.368646616998827,-0.1881177844563518,-0.2278142658719639,-0.1967815553911254,-0.4528902717450339,-1.4232232686848891,76.54,-0.4438045963862462
2019-02-15,hormuz_crisis,2019-06-13,974,-3.613435789893552,3.613435789893552,3.813683088299672,2.0029463937398475,0.7267506175820055,3.413375032242017,0.2108052689892215,-0.0348878930317193,-0.1457001348665619,-0.05395168593196,-1.279717394974839,145.11,0.6794922386745241
2019-02-16,hormuz_crisis,2019-06-13,334,-3.5093972168979337,3.5093972168979337,4.164739937288279,0.7943350953195004,0.7193532684077353,3.483871073642534,0.0657193730523637,0.4226215605586191,-0.8822584960939756,-0.2367109604183171,-1.0535391152554072,61.66,-0.6875650879380075
2019-02-17,hormuz_crisis,2019-06-13,377,-2.6238544596616045,2.6238544596616045,2.797901013537919,0.6614439627414688,0.653246554779435,3.4061532489855213,-1.1692049499623425,-1.3586903009038198,-0.9632457208214472,-1.8699466961881324,-1.3028876394454567,86.23,-0.2850654053152405
2019-02-18,hormuz_crisis,2019-06-13,745,-2.479415607331134,2.479415607331134,2.7872556462058635,1.1129902030909158,0.6609020925002027,3.332180487170727,-1.3706306298334097,-1.3725637125902423,-0.6880619961244472,-1.6808086027050086,-1.54022056879832,67.15,-0.597629261417902
2019-02-19,hormuz_crisis,2019-06-13,636,-1.7305274139489295,1.7305274139489295,1.918957865558643,0.6827380193379562,0.6205263838557028,3.1752642092489265,-2.414984770465169,-2.5041594764162487,-0.9502685829682004,-2.6783328569888782,-2.0436680403902323,116.57,0.21195699479769162
2019-02-20,hormuz_crisis,2019-06-13,1097,-3.06499654328188,3.06499654328188,3.337390556092972,1.859375027557622,0.7143153359176188,3.196846127711265,-0.5540149046298634,-0.6556088297883705,-0.2331961646757937,-0.3611783696366702,-1.9744249865409569,171.34,1.1091856320483608
2019-02-21,hormuz_crisis,2019-06-13,785,-2.024601830832331,2.024601830832331,2.236920790501821,0.9477652738102368,0.6489477064073181,3.09344486407986,-2.0048863904399563,-2.089779171711069,-0.7887542561620218,-1.9761542566406844,-2.306175812039012,116.55,0.2116293597284017
2019-02-22,hormuz_crisis,2019-06-13,505,-2.4416573794477068,2.4416573794477068,2.7361984886141952,0.7935810205200556,0.6761785256437283,3.0524189649877456,-1.4232859687497357,-1.4391031700568535,-0.882718048391102,-1.3033882900663951,-2.437802596979725,69.44,-0.5601150459841969
2019-02-23,hormuz_crisis,2019-06-13,465,-2.188877716999339,2.188877716999339,2.3880797489967,0.6627772707951386,0.656769985670185,2.983274703955158,-1.775797184012973,-1.892783577676893,-0.962433169096748,-1.7828966383733618,-2.6596438479511204,46.91,-0.9291959515393836
2019-02-24,hormuz_crisis,2019-06-13,443,-2.740616560791572,2.740616560791572,3.060519437648203,0.7957545806725145,0.686574043143019,2.983349069386974,-1.0063755919066049,-1.016436867980906,-0.8813934257386273,-1.0465561206875562,-2.6594052551861287,74.98,-0.4693601317908664
2019-02-25,hormuz_crisis,2019-06-13,715,-2.933186144462503,2.933186144462503,3.2475810484019347,1.2736520908771756,0.6955237222446844,3.010557812308725,-0.7378297076963144,-0.7726516931004523,-0.5901505692378906,-0.825444906254794,-2.572109195079628,139.02,0.5797273600757186
2019-02-26,hormuz_crisis,2019-06-13,691,-2.987740840068919,2.987740840068919,3.2543872172557906,1.2618059322619803,0.6957063101757506,3.0321648073278946,-0.6617510316657147,-0.7637816579413541,-0.5973699185753097,-0.8209338798011979,-2.502785686039214,124.92,0.3487446362262674
2019-02-27,hormuz_crisis,2019-06-13,408,-2.5588631758701017,2.5588631758701017,3.0843797186111885,0.6915205987788074,0.66021395731478,3.034697808331216,-1.259837860098221,-0.9853413228082724,-0.9449162564354616,-1.697809704623222,-2.494658849438506,160.56,0.9325903297010502
2019-02-28,hormuz_crisis,2019-06-13,288,-2.588013429981056,2.588013429981056,2.9933067430110296,0.5125600742866704,0.6815532980864231,3.033701335480428,-1.219186680322303,-1.1040307812926082,-1.053979336365799,-1.170598896323458,-2.497855915695005,162.63,0.9665005593725652
2019-03-01,hormuz_crisis,2019-06-13,459,-2.9106522977762515,2.9106522977762515,3.2538380988074564,0.8714974803581785,0.6798524903537412,3.057845160479644,-0.7692540462011911,-0.7644972881362285,-0.8352337827334683,-1.212619136269261,-2.4203932852311967,184.5,1.3247695076411818
2019-03-02,hormuz_crisis,2019-06-13,263,-3.280360044287077,3.280360044287077,3.72087635796436,0.5981148681848021,0.7041765677064498,3.1274965592773007,-0.2536820031323212,-0.1558368407806145,-1.0018400763149298,-0.6116672784073417,-2.19692494222732,131.75,0.46063201238880286
2019-03-03,hormuz_crisis,2019-06-13,371,-5.1122031595558415,5.1122031595558415,5.723426141102361,1.2705669682756606,0.7835853750223287,3.4026501176159414,2.3008955150130928,2.4539554470224694,-0.5920307211531735,1.350210641774603,-1.3141270255309987,77.76,-0.42381885715955614
2019-03-04,hormuz_crisis,2019-06-13,818,-5.013642892849523,5.013642892849523,5.918256221497956,2.425184229702077,0.778727191602052,3.6674786021628094,2.163449333398661,2.70786476080328,0.11162230528523,1.2301841219640086,-0.4644558969749011,62.96,-0.6662688084341574
2019-03-05,hormuz_crisis,2019-06-13,377,-2.5081928626555445,2.5081928626555445,2.9225817469893967,0.6322869853874117,0.6855554887445245,3.5905545905817178,-1.3304996115857672,-1.1962020475084862,-0.9810147218942636,-1.0717205760226107,-0.7112575650243262,103.08,-0.009032859438414326
2019-03-06,hormuz_crisis,2019-06-13,429,-2.9953030397661906,2.9953030397661906,3.3383670685971607,0.8457543365362481,0.694818966955877,3.571002811734621,-0.6512052457447725,-0.6543362048459922,-0.8509223071176976,-0.8428566252690683,-0.7739871540514163,81.01,-0.3705781583999309
2019-03-07,hormuz_crisis,2019-06-13,539,-2.835482060452561,2.835482060452561,3.161578606694948,0.9740650894697276,0.7024869920176349,3.5246833394748616,-0.8740819087512987,-0.8847330560653309,-0.7727264818494236,-0.653410018921961,-0.922597747569756,91.1,-0.2052862659431253
2019-03-08,hormuz_crisis,2019-06-13,687,-2.6287079662987227,2.6287079662987227,2.68366411454211,1.1049292374107065,0.6558910770406579,3.439135555250848,-1.162436543412673,-1.507567787242574,-0.6929745529399308,-1.804610998435055,-1.197067778584216,55.01,-0.796503748476933
2019-03-09,hormuz_crisis,2019-06-13,188,-2.919559874591661,2.919559874591661,3.5202626906950454,0.390153463898734,0.7010133486288799,3.449487914879435,-0.7568320787935402,-0.4172835254402737,-1.1285770275081697,-0.6898179253538009,-1.1638534470371749,81.61,-0.3607491063212309
2019-03-10,hormuz_crisis,2019-06-13,399,-3.0712472813486773,3.0712472813486773,3.6211365497410752,0.8139046444969127,0.7279219115118346,3.46817884205316,-0.5452980037096048,-0.2858212159406641,-0.8703323167748568,-0.0250136401830311,-1.10388579962707,23.22,-1.3172796911133904
2019-03-11,hormuz_crisis,2019-06-13,481,-2.738440906061701,2.738440906061701,3.198758453460272,0.8536876284439021,0.6992818247177136,3.442497164968478,-1.0094096282898777,-0.8362789910693564,-0.8460875579354935,-0.7325970407241044,-1.186282448118609,44.9,-0.9621232760030287
2019-03-12,hormuz_crisis,2019-06-13,821,-3.7323483777309088,3.7323483777309088,4.075786026964377,1.8106462595310289,0.7469767877267559,3.508143320010785,0.3766335656276258,0.3066937413912654,-0.2628927110916748,0.4457570738153247,-0.9756644598927436,101.32,-0.037864745535934545
2019-03-13,hormuz_crisis,2019-06-13,548,-2.766050314550613,2.766050314550613,3.2089240949622484,0.963608940564092,0.7041388871849623,3.4763332462783483,-0.9709072185435504,-0.8230307747124793,-0.7790987240357666,-0.6125982152344509,-1.0777233501738956,115.26,0.1904968977591967
2019-03-14,hormuz_crisis,2019-06-13,599,-3.6764838211855912,3.6764838211855912,3.960800224008184,1.380072563440964,0.7410048747148873,3.526409928783721,0.2987282368239126,0.1568402574535642,-0.5252952357033789,0.2982146956427531,-0.917058188299454,66.67,-0.605492503080862
2019-03-15,hormuz_crisis,2019-06-13,439,-3.701515372117805,3.701515372117805,4.192945102698057,1.066325257319105,0.7432577902103454,3.5951579186728937,0.3336357224719746,0.4593795097404381,-0.7165007969443423,0.353875337276534,-0.6964883268095027,61.12,-0.6964112348088375
2019-03-16,hormuz_crisis,2019-06-13,260,-4.050858388607158,4.050858388607158,4.44465804096352,0.7308924459895512,0.741014584038501,3.681653777170524,0.8208083458294441,0.7874205355151213,-0.9209220547446916,0.2984545746720624,-0.418976510696295,81.61,-0.3607491063212309
2019-03-17,hormuz_crisis,2019-06-13,377,-3.870513874582272,3.870513874582272,4.228727077029273,0.9757126679121182,0.7640955618919022,3.744262836634328,0.5693108037043675,0.5060118189285985,-0.7717224057836886,0.8686943548348547,-0.2181026873858277,32.56,-1.1642741137549597
2019-03-18,hormuz_crisis,2019-06-13,744,-2.8867353397046047,2.8867353397046047,3.619676003577786,1.294431108977815,0.7215343468384464,3.7364011904135497,-0.8026071881176543,-0.2877246503246813,-0.5774873088992479,-0.1828251288584013,-0.2433258571220702,79.94,-0.3881066346069461
2019-03-19,hormuz_crisis,2019-06-13,654,-2.915256082479247,2.915256082479247,3.2172890244751127,1.176918337382488,0.7171130792825721,3.6916600008777065,-0.7628338867439615,-0.8121293086343273,-0.649102570632009,-0.2920571837182933,-0.3868727156516872,107.43,0.062227768132161146
2019-03-20,hormuz_crisis,2019-06-13,446,-2.934362414789516,2.934362414789516,3.355004151251934,0.8570132729986331,0.7077262699565264,3.658091686902589,-0.7361893523036493,-0.6326541820720405,-0.8440608258451523,-0.5239681590899683,-0.4945727135116819,60.31,-0.7096804551150825
2019-03-21,hormuz_crisis,2019-06-13,560,-2.595321227666576,2.595321227666576,2.937471230599936,0.92079622515176,0.6812745843771404,3.5898984274263825,-1.2089956680467533,-1.1767975563825457,-0.8051898780279704,-1.1774848110069334,-0.7133627875409471,88.87,-0.2418175761689603
2019-03-22,hormuz_crisis,2019-06-13,767,-2.477143884114768,2.477143884114768,2.728775449574222,1.1382861675407323,0.6854313514260088,3.5037451359467577,-1.3737986375124551,-1.4487771318238496,-0.6726459941847203,-1.0747875187522495,-0.9897755175596484,122.84,0.31467058902010725
2019-03-23,hormuz_crisis,2019-06-13,471,-3.530736867363205,3.530736867363205,3.889490723562812,1.0809649860827004,0.7145108640418777,3.550611228989804,0.0954783577979897,0.0639072448131499,-0.707578975146862,-0.3563476421301825,-0.8394111553761956,77.73,-0.42431030976349116
2019-03-24,hormuz_crisis,2019-06-13,345,-3.066927227750384,3.066927227750384,3.682022950546087,0.7145758214079028,0.7063894439251721,3.567184651056032,-0.5513224889438466,-0.2064719480268301,-0.9308658193597744,-0.5569958491244722,-0.7862372747222954,67.19,-0.596973991279322
2019-03-25,hormuz_crisis,2019-06-13,704,-4.001790780057997,4.001790780057997,4.530975043737353,1.7159186174897982,0.7544463509468174,3.670651226974144,0.7523816292487197,0.8999118453653207,-0.3206221373149927,0.6303004720878678,-0.4542769024134073,51.39,-0.8558056960184233
2019-03-26,hormuz_crisis,2019-06-13,834,-4.150355233272889,4.150355233272889,4.697876133901499,2.038614871712926,0.761363454465598,3.7813453776853536,0.9595606223704362,1.1174231310292226,-0.1239628602625066,0.8011947736623342,-0.0991277041680515,88.73,-0.24411102165399032
2019-03-27,hormuz_crisis,2019-06-13,608,-3.523607855251225,3.523607855251225,3.8744682352605495,1.3392168014590498,0.7356996183602798,3.7950209231579977,0.0855366690605358,0.044329417362877,-0.5501937726700835,0.1671427698095564,-0.0552513206466811,80.9,-0.37238015128102586
2019-03-28,hormuz_crisis,2019-06-13,617,-3.8096675984484194,3.8096675984484194,4.449751656488281,1.465728589890808,0.7430084719036736,3.868537205934474,0.4844582703302971,0.7940587118168976,-0.473094281969446,0.347715666863516,0.1806170492562664,81.35,-0.36500836222200106
2019-03-29,hormuz_crisis,2019-06-13,675,-3.032641834931957,3.032641834931957,3.400681565520032,1.2564823103587912,0.7084227847572513,3.8225625841725774,-0.5991348223061865,-0.573125792572097,-0.6006142687066813,-0.5067600299817405,0.0331128681097091,77.67,-0.4252932149713612
2019-03-30,hormuz_crisis,2019-06-13,195,-2.9922913574866072,2.9922913574866072,3.324083287000692,0.4137774556813293,0.7050348918672118,3.770523366789143,-0.6554051555400454,-0.6729513241129467,-1.1141799680931364,-0.5904614792488269,-0.133848856717646,67.23,-0.5963187211407419
2019-03-31,hormuz_crisis,2019-06-13,413,-4.416931934130866,4.416931934130866,4.570653702746391,1.2064544566117146,0.7813175465703253,3.8441702206024857,1.3313123521976102,0.9516224490886837,-0.6311025108899477,1.294181559898992,0.102438435041238,22.33,-1.3318594516967954
2019-04-01,hormuz_crisis,2019-06-13,684,-4.26727555626976,4.26727555626976,5.197369289132698,1.7872715260788452,0.7665628486701268,3.975509033128902,1.122610627063815,1.7683799238686546,-0.2771378661619363,0.9296512639809738,0.5238236091227988,65.45,-0.6254782423075521
2019-04-02,hormuz_crisis,2019-06-13,639,-3.3740781829275166,3.3740781829275166,4.093119229195698,1.336345957317803,0.7284957673511546,3.993734339880033,-0.1229883602009095,0.3292829713255875,-0.5519433378601325,-0.0108359294405568,0.5822973680238112,60.65,-0.7041106589371525
2019-04-03,hormuz_crisis,2019-06-13,859,-1.8588873681035063,1.8588873681035063,2.10186528886077,0.9345687655328796,0.6283238621930685,3.797718860144363,-2.235981748655985,-2.2657881826111,-0.796796542812327,-2.4856879716133524,-0.0465953062911989,83.97,-0.3220881681450108
2019-04-04,hormuz_crisis,2019-06-13,496,-2.571485403554324,2.571485403554324,3.0031597054531733,0.8230291167745847,0.6746318913778273,3.717388077118841,-1.2422356654548783,-1.0911900591242805,-0.8647716320810342,-1.341599512718283,-0.3043272009092459,72.57,-0.5088401576403118
2019-04-05,hormuz_crisis,2019-06-13,453,-2.43582309721093,2.43582309721093,2.6604824223509094,0.7210729976211095,0.671729972833977,3.611569490867749,-1.4314221055795526,-1.537778972007238,-0.9269062754845352,-1.413294455757783,-0.6438337224830775,71.19,-0.5314469774213217
2019-04-06,hormuz_crisis,2019-06-13,904,-3.836931843746159,3.836931843746159,4.280925662127946,2.0076580849558145,0.734262427343774,3.6827058652888063,0.5224793363846293,0.57403882428538,-0.1428287108072485,0.1316354574890167,-0.4156010093776544,58.6,-0.7376932535393776
2019-04-07,hormuz_crisis,2019-06-13,756,-2.6622573253942203,2.6622573253942203,3.110804967238787,1.2092451015166603,0.6670430325801704,3.622697471979367,-1.115650638124615,-0.9509030228707206,-0.6294018211473967,-1.529090233429869,-0.6081309003873422,15.52,-1.443419192790041
2019-04-08,hormuz_crisis,2019-06-13,1231,-3.110647110254505,3.110647110254505,3.3719847315498828,2.0552585485007584,0.7107491006699646,3.5985828391542847,-0.4903533873815653,-0.6105245012635243,-0.1138197817428312,-0.4492859540097239,-0.685499871184657,96.83,-0.1114188185915398
2019-04-09,hormuz_crisis,2019-06-13,1098,-3.020496236442073,3.020496236442073,3.411095623807671,1.8336310530978737,0.7050421985467379,3.576163368332667,-0.6160723387277959,-0.5595538308497648,-0.2488851952717643,-0.590280960063152,-0.7574301135346386,167.54,1.0469349688832605
2019-04-10,hormuz_crisis,2019-06-13,847,-3.1175216457336647,3.1175216457336647,3.41103008156043,1.550099686681829,0.7186019332165473,3.560766168913022,-0.4807665763515288,-0.5596392477781293,-0.4216763969400933,-0.2552734848041054,-0.8068302217967002,76.35,-0.4469171295445014
2019-04-11,hormuz_crisis,2019-06-13,622,-3.521903777487961,3.521903777487961,3.844795228368444,1.3641178325793373,0.7287909593134994,3.58852843787478,0.0831602653680357,0.0056585262844059,-0.5350184531121714,-0.0035429022221074,-0.717758238318879,104.2,0.009314704441825833
2019-04-12,hormuz_crisis,2019-06-13,490,-3.7471969385794623,3.7471969385794623,4.278886862748641,1.1868911508763085,0.7439003495890127,3.658038893284103,0.397340469731127,0.5713817902674044,-0.6430248852972488,0.3697504410594003,-0.494742095643957,103.63,-2.2895032939330683e-05
2019-04-13,hormuz_crisis,2019-06-13,298,-4.044634424306859,4.044634424306859,4.529810876913496,0.8262007006247669,0.7424898382529397,3.745686347739746,0.8121287819831975,0.8983946628092608,-0.8628387884891873,0.3349022782428972,-0.2135355189805026,81.1,-0.3691038005881261
2019-04-14,hormuz_crisis,2019-06-13,369,-4.632649098392569,4.632649098392569,5.025896048346893,1.1458815136302851,0.7836202704977987,3.878109679289587,1.632138451063712,1.5449100530392028,-0.6680171977503433,1.3510727711170885,0.2113292071747354,51.87,-0.8479424543554632
2019-04-15,hormuz_crisis,2019-06-13,501,-3.526963703212044,3.526963703212044,3.985300018254244,1.1385639563378251,0.736245871763473,3.8908478699014095,0.0902165314808306,0.188769238502882,-0.6724767026503607,0.1806385334001876,0.2521981975759367,56.67,-0.7693100377258628
2019-04-16,hormuz_crisis,2019-06-13,811,-3.115754814024424,3.115754814024424,3.511210368246062,1.4969011456307963,0.697826841883421,3.8545072988248847,-0.4832304928982851,-0.4290808258185166,-0.4540969363372106,-0.7685439185746616,0.1356037379890184,124.46,0.34120902963259725
2019-04-17,hormuz_crisis,2019-06-13,1038,-4.690658371364471,4.690658371364471,5.383940302872241,2.7294110608554254,0.7502028849068079,4.018655388551794,1.7130346715657814,2.011525735715624,0.2970258477546678,0.5254611902709254,0.6622536294734357,67.7,-0.588619297012427
2019-04-18,hormuz_crisis,2019-06-13,462,-2.8665357768054807,2.8665357768054807,3.422868075389245,0.8631319761559012,0.6953007986122525,3.96175725878092,-0.8307762757585988,-0.5442115639034805,-0.8403319330437655,-0.8309524685408667,0.4797026541964769,54.6,-0.803220267397378
2019-04-19,hormuz_crisis,2019-06-13,347,-3.30327563180232,3.30327563180232,3.86600669898454,0.7736212486395044,0.7051813178495029,3.9584625564487146,-0.22172531197597,0.0333020500025053,-0.894882039316908,-0.5868438716898176,0.4691319882288357,51.31,-0.8571162362955832
2019-04-20,hormuz_crisis,2019-06-13,194,-2.3967252798057537,2.3967252798057537,2.949672841037606,0.3298340519795671,0.66545546272732,3.852393445549844,-1.485945554951015,-1.1608959947399131,-1.165337206112698,-1.5683128127171264,0.1288216877088955,46.24,-0.9401717263605985
2019-04-21,hormuz_crisis,2019-06-13,140,-2.5831645673927905,2.5831645673927905,2.985147674027768,0.2613524757231314,0.6766233397121195,3.761820378315292,-1.225948610562568,-1.1146639627932469,-1.2070716145595133,-1.2923986916973915,-0.1617713743842787,86.96,-0.27310672528615565
2019-04-22,hormuz_crisis,2019-06-13,3849,-3.1259091734513125,3.1259091734513125,3.379433329685841,4.275999506279979,0.7296944579187142,3.717222290338524,-0.4690698379345052,-0.6008172299967357,1.239556049436576,0.0187789789948619,-0.3048591083472729,95.93,-0.12616239670958973
2019-04-23,hormuz_crisis,2019-06-13,3025,-3.346585456385545,3.346585456385545,3.89217724926696,3.9960964099273033,0.7457140959319392,3.730268318340407,-0.1613280523673616,0.0674084182285155,1.0689760075145265,0.4145609478945349,-0.2630024577890768,156.5,0.8660804106351797
2019-04-24,hormuz_crisis,2019-06-13,1943,-3.285920608809345,3.285920608809345,3.7292833170248216,2.9813634040157626,0.7254885717073221,3.7293680352546192,-0.2459275764576888,-0.144880600339246,0.4505719921835132,-0.0851318537179975,-0.2658909104675346,88.27,-0.2516466282476605
2019-04-25,hormuz_crisis,2019-06-13,1334,-3.2878524077183786,3.2878524077183786,3.6171888090284927,2.3027373192904013,0.7422188259076745,3.713552288646365,-0.2432336066403714,-0.2909660484700206,0.0370000542868642,0.3282066338396582,-0.3166338782890887,99.63,-0.06554990889093963
2019-04-26,hormuz_crisis,2019-06-13,881,-2.682235348129595,2.682235348129595,3.015751868373111,1.3755205260305805,0.7071059377291696,3.641646474372862,-1.0877904969851278,-1.0747795159498097,-0.5280693626866532,-0.539294117773461,-0.547335248906568,129.57,0.4249197898361926
2019-04-27,hormuz_crisis,2019-06-13,674,-3.093121693767748,3.093121693767748,3.3648132870457457,1.2799855004285117,0.7327623374349203,3.614188086853108,-0.5147932723149633,-0.6198705763108956,-0.5862908289175649,0.0945741620238797,-0.6354322644227043,53.72,-0.8176362104461381
2019-04-28,hormuz_crisis,2019-06-13,916,-3.477914834491332,3.477914834491332,3.852020492855536,1.83856201781836,0.7649215691089434,3.634002679297363,0.0218159483304479,0.0150747413990198,-0.2458801403806354,0.889101729983782,-0.5718594687968989,29.71,-1.210962111128785
2019-04-29,hormuz_crisis,2019-06-13,1600,-2.9205666196390623,2.9205666196390623,3.173487619049609,2.3249690672855463,0.7286456804378592,3.576774297298358,-0.7554281330936278,-0.8692128183862228,0.0505486450471251,-0.0071321693074772,-0.7554700196095667,68.81,-0.5704355506668318
2019-04-30,hormuz_crisis,2019-06-13,1188,-3.047581730242696,3.047581730242696,3.3845082682788528,1.961677503955869,0.721809092288664,3.55363439405814,-0.5783005486906432,-0.5942033941197764,-0.1708504423878393,-0.1760372541796127,-0.8297116848686343,49.37,-0.8888968380167134
2019-05-01,hormuz_crisis,2019-06-13,1079,-3.347223907942177,3.347223907942177,3.681925361445166,2.0055139646184394,0.7237052591804592,3.575189364312158,-0.1604377064750728,-0.2065991295256884,-0.1441353920901683,-0.1291904611885623,-0.7605550911847573,61.52,-0.6898585334230374
2019-05-02,hormuz_crisis,2019-06-13,1148,-3.380336431563216,3.380336431563216,3.721144207951823,2.121407472262187,0.7366697588159093,3.5937499143489195,-0.1142609854959117,-0.1554877693929988,-0.073506950854724,0.1911111078782024,-0.7010057435254952,186.33,1.3547481164812172
2019-05-03,hormuz_crisis,2019-06-13,973,-3.4526477859822164,3.4526477859822164,3.843437293317518,1.9123120111572909,0.7470976355267104,3.625251514354937,-0.0134199479825425,0.0038888182586259,-0.2009350250195154,0.4487427455367263,-0.5999365550119047,70.15,-0.5484840010244018
2019-05-04,hormuz_crisis,2019-06-13,743,-4.343775970169903,4.343775970169903,4.97940636404002,1.9456674581289484,0.7702679248065174,3.764524355359159,1.2292934733453598,1.4843230850706175,-0.1806073701386099,1.021189058216604,-0.1530959812127949,51.81,-0.8489253595633331
2019-05-05,hormuz_crisis,2019-06-13,610,-5.200400342096652,5.200400342096652,5.859846795131967,1.9819209793775456,0.8001857090659232,3.989238168502521,2.423889966778393,2.631743571832839,-0.1585135553327326,1.7603393155150573,0.5678719295554066,93.31,-0.16908259078658
2019-05-06,hormuz_crisis,2019-06-13,2462,-3.726675782329175,3.726675782329175,4.3795381077167095,3.932144307365368,0.7795583483747814,4.033832370692288,0.368722907470266,0.7025539813845834,1.0300019751505791,1.2507187222904086,0.7109471964266039,134.99,0.5137088936137832
2019-05-07,hormuz_crisis,2019-06-13,1716,-3.296253787485992,3.296253787485992,3.5348796537256493,2.752674101086398,0.7443874823807972,3.9846206956556633,-0.2315175509929984,-0.3982341925799461,0.3112029341447153,0.3817855679011485,0.5530573095511432,122.51,0.30926461037682224
2019-05-08,hormuz_crisis,2019-06-13,2993,-2.9862015192439424,2.9862015192439424,3.2009073709062643,3.5436684761432984,0.718464555005907,3.90508896160633,-0.6638976753056212,-0.8334784473700688,0.7932549564892751,-0.258667557669313,0.2978890698455634,56.74,-0.7681633149833478
2019-05-09,hormuz_crisis,2019-06-13,1700,-3.6423348366288817,3.6423348366288817,4.002384980794288,3.022404942240221,0.7386425359033912,3.915688852111514,0.2511061301659055,0.2110349538672916,0.4755837459014944,0.2398506361521352,0.3318975751750461,167.13,1.0402184499628155
2019-05-10,hormuz_crisis,2019-06-13,1625,-3.19241743919966,3.19241743919966,3.856329262069805,2.5686440101827968,0.7315220960226807,3.907419320960034,-0.3763214365919367,0.0206900787853903,0.1990503319394812,0.063932696365177,0.3053657544831359,135.96,0.5295991944743483
2019-05-11,hormuz_crisis,2019-06-13,1010,-2.723270081362468,2.723270081362468,3.142407581020649,1.5520210305328164,0.706852201538895,3.8232562194959008,-1.0305659420513322,-0.9097174012113772,-0.4205054812949332,-0.545562936637225,0.0353383156818696,56.26,-0.7760265566463079
2019-05-12,hormuz_crisis,2019-06-13,1045,-4.723381187097462,4.723381187097462,5.040903498352619,2.7624832300200803,0.8037794301000761,3.945103825946009,1.7586679295151937,1.564468282060186,0.3171808659594389,1.849125965088475,0.4262720683764367,31.18,-1.1868809335359698
2019-05-13,hormuz_crisis,2019-06-13,2361,-5.264219443518387,5.264219443518387,5.684206262803927,5.411770717751532,0.8300188667934505,4.128396270512348,2.512888222339316,2.402842742222973,1.9317238153213945,2.497398785532275,1.0143443767497675,130.95,0.44752660961720264
2019-05-14,hormuz_crisis,2019-06-13,2953,-4.4728466731651,4.4728466731651,4.807293257251371,5.266116543468225,0.8095035529372658,4.203443580185384,1.4092876624625756,1.2600193186878526,1.842958469460188,1.99054642695261,1.2551248668624266,248.68,2.376150444992797
2019-05-15,hormuz_crisis,2019-06-13,3024,-4.206379523879424,4.206379523879424,4.4943851008607245,5.021791419055484,0.7936411387012781,4.227625168286317,1.0376887066264406,0.8522265635637646,1.6940605454714412,1.598648836467817,1.3327086558085213,184.76,1.3290287635419518
2019-05-16,hormuz_crisis,2019-06-13,2555,-4.37396088208122,4.37396088208122,4.632950050437014,4.7215137295348,0.791010459587196,4.274840327901442,1.2713875242567765,1.0328092086540428,1.5110637100160882,1.5336551481925185,1.4841929571433343,158.54,0.8994991877027598
2019-05-17,hormuz_crisis,2019-06-13,2693,-4.042615172751554,4.042615172751554,4.309537485318047,4.505487005305646,0.7608343051448185,4.280759440098874,0.8093128559993252,0.6113267439816887,1.379411548409195,0.7881215843775855,1.5031837343229408,141.05,0.6129823196086538
2019-05-18,hormuz_crisis,2019-06-13,2104,-5.1766774022140485,5.1766774022140485,5.397853540264394,4.946575630824857,0.8182499604940637,4.405988915266587,2.390807390883501,2.0296579489320736,1.6482221375482426,2.206635604546429,1.904967816108173,81.71,-0.35911093097478103
2019-05-19,hormuz_crisis,2019-06-13,2020,-4.256995084202211,4.256995084202211,4.481376666509183,3.961875726085568,0.770654146458727,4.421790607203232,1.1082741030455845,0.8352735210312354,1.048121055352906,1.0307310694541238,1.9556656911644688,57.24,-0.7599724382510977
2019-05-20,hormuz_crisis,2019-06-13,2662,-4.318431653710821,4.318431653710821,4.603262189408161,4.77935237336394,0.7932411886972988,4.4466963539227455,1.1939498238267523,0.9941189591497036,1.546312045663858,1.58876765189263,2.035572858095208,102.84,-0.01296448026989426
2019-05-21,hormuz_crisis,2019-06-13,2195,-3.7149350879983696,3.7149350879983696,4.0611262655921925,3.647393309598196,0.7612835752038388,4.409072365151755,0.3523500458780809,0.2875886322487552,0.8564674992215658,0.7992212726714115,1.914860703379193,131.19,0.4514582304486828
2019-05-22,hormuz_crisis,2019-06-13,1625,-4.0371335738494665,4.0371335738494665,4.259265304508039,3.248309210895694,0.777042514759253,4.397018481850907,0.8016685499984213,0.5458102954650336,0.6132555334585249,1.1885624125812997,1.8761872327167013,93.18,-0.17121221873696493
2019-05-23,hormuz_crisis,2019-06-13,1736,-3.7243611215719614,3.7243611215719614,3.898174472464061,3.1346780478341763,0.7646674036137748,4.348685822774001,0.3654950216959738,0.0752242073688495,0.544005822357572,0.8828223046920793,1.7211175654403172,102.54,-0.017879006309244237
2019-05-24,hormuz_crisis,2019-06-13,1404,-3.4185005539918283,3.4185005539918283,3.715726014201981,2.4834042573741613,0.7402842428906441,4.28925544548876,-0.0610396106176492,-0.1625489472879132,0.1471030659142363,0.2804107301589337,1.5304421710435754,148.69,0.7381389160774341
2019-05-25,hormuz_crisis,2019-06-13,1096,-3.7718055551898937,3.7718055551898937,4.242905964811656,2.2865953877588616,0.7406534283988232,4.289469759657248,0.4316581567763107,0.5244902369413099,0.0271627520446499,0.2895318455796272,1.5311297729143354,64.11,-0.6474297919499823
2019-05-26,hormuz_crisis,2019-06-13,528,-3.391619515356929,3.391619515356929,3.79808652097226,1.1449296912185971,0.7227093658373915,4.240033585710137,-0.0985262798573541,-0.0552138801657314,-0.6685972624548918,-0.1537950513676926,1.3725196076180732,39.72,-1.0469807589491391
2019-05-27,hormuz_crisis,2019-06-13,739,-2.902266468563856,2.902266468563856,3.170416405584694,1.2943387559530184,0.6951268559121205,4.13305490693724,-0.7809484159856085,-0.8732153302250911,-0.5775435911735304,-0.8352499054915088,1.0292910652657064,43.34,-0.9876788114076488
2019-05-28,hormuz_crisis,2019-06-13,1174,-3.822602376632857,3.822602376632857,4.161407669615076,2.439103712966372,0.7411282930967777,4.140180606099576,0.5024963289810318,0.4182788338271052,0.1201051912185995,0.301263876288576,1.0521530351907806,69.46,-0.5597874109149069
2019-05-29,hormuz_crisis,2019-06-13,1439,-4.139897249648967,4.139897249648967,4.3437633486948535,3.0604220374410547,0.7869945281842698,4.164193877194082,0.9449765514813276,0.6559310754376706,0.4987523273770698,1.4344373483705766,1.129196798765169,67.51,-0.5917318301706819
2019-05-30,hormuz_crisis,2019-06-13,1437,-4.064507892285359,4.064507892285359,4.437194357982134,3.001737526761658,0.7786069822075025,4.1954483084942575,0.8398431173879575,0.7776936051549148,0.462988499029657,1.2272142227181109,1.2294729754787035,120.23,0.2719142124777621
2019-05-31,hormuz_crisis,2019-06-13,1549,-2.925708778590688,2.925708778590688,3.460599663506064,2.2774206610226795,0.7121049160777213,4.119849225180217,-0.7482571894996801,-0.4950384504543196,0.0215714410099575,-0.4157891115028278,0.9869221843613704,104.56,0.015212135689045852
2019-06-01,hormuz_crisis,2019-06-13,769,-3.648980385333841,3.648980385333841,4.077447168250324,1.6802669992698234,0.7271761882498012,4.110627954529639,0.2603736101023295,0.3088585982919623,-0.3423491371581443,-0.0434375159696251,0.9573368191246828,130.16,0.4345850243802477
2019-06-02,hormuz_crisis,2019-06-13,730,-3.181257544102097,3.181257544102097,3.547266245662505,1.4047913536383736,0.7176466477661213,4.041520569612031,-0.3918843507320548,-0.382091556635927,-0.5102309783833251,-0.2788748143796357,0.7356138808426663,28.99,-1.222756973623225
2019-06-03,hormuz_crisis,2019-06-13,1082,-3.638387454991289,3.638387454991289,3.8660547175513735,2.184523443957021,0.75829291126449,4.021138275060137,0.2456013506884042,0.0333646294631751,-0.0350424778354968,0.7253337815024131,0.6702196795953854,129.25,0.4196776287275527
2019-06-04,hormuz_crisis,2019-06-13,776,-2.8881675884295825,2.8881675884295825,3.106009446850208,1.3396164195243376,0.6928344709003629,3.927256958757017,-0.8006098607468091,-0.9571527112587443,-0.5499502352915484,-0.8918856829466886,0.369012488419971,69.4,-0.5607703161227767
2019-06-05,hormuz_crisis,2019-06-13,592,-3.593160597256848,3.593160597256848,3.926936076376743,1.3356290342645851,0.737158229194563,3.931234360260769,0.182530712694487,0.1127073264943792,-0.5523802489413828,0.2031792812072814,0.3817735145995983,122.39,0.30729879996108217
2019-06-06,hormuz_crisis,2019-06-13,737,-2.622082722635979,2.622082722635979,2.813885491979909,1.166829269865418,0.6792439200963782,3.812935991200361,-1.1716757071663866,-1.3378587745598949,-0.6552511041153535,-1.2276545031404755,0.0022270737479374,82.92,-0.3392890092827358
2019-06-07,hormuz_crisis,2019-06-13,1099,-3.187015779163936,3.187015779163936,3.370390226071424,1.936039422146484,0.7123908430576119,3.76599781889396,-0.3838542646889003,-0.612602516070238,-0.1864749393185038,-0.4087249853990283,-0.1483685462971634,69.92,-0.5522518043212368
2019-06-08,hormuz_crisis,2019-06-13,545,-3.4602627240068635,3.4602627240068635,3.9672078728690896,1.199874894164328,0.755706140652202,3.7906737796042114,-0.002800616382751,0.1651909275447398,-0.6351122630246286,0.6614248988436418,-0.0691986208234764,50.87,-0.8643242078199633
2019-06-09,hormuz_crisis,2019-06-13,506,-4.011020272846637,4.011020272846637,4.241040665468652,1.3058545479279668,0.7865541540927787,3.83129322986507,0.7652525211854928,0.5220593141843294,-0.5705255756408361,1.4235574442904175,0.061124120718188,53.93,-0.814196042218593
2019-06-10,hormuz_crisis,2019-06-13,938,-3.3828846007821616,3.3828846007821616,3.648550017317716,1.821521930359886,0.7446604035940861,3.801777007604812,-0.1107074629562949,-0.2500950348160436,-0.2562648016112475,0.3885283728921729,-0.0335752161809283,56.93,-0.7650507818250928
2019-06-11,hormuz_crisis,2019-06-13,750,-3.147378598119697,3.147378598119697,3.348072539777483,1.4204638658389186,0.6979342652912777,3.748348022015528,-0.4391298779410834,-0.6416876984022678,-0.5006797521802955,-0.7658899105482436,-0.2049958492783475,74.29,-0.4806635416813714
2019-06-12,hormuz_crisis,2019-06-13,1261,-3.69092671854434,3.69092671854434,4.056781836717909,2.48189741415336,0.7318916055308715,3.7767747417403976,0.3188694271813235,0.2819268219574541,0.1461847574599049,0.0730618165461809,-0.113792053466484,95.03,-0.1409059748276399
2019-06-13,hormuz_crisis,2019-06-13,3846,-4.179322611461212,4.179322611461212,4.486630743981366,5.714558079813972,0.7723995701941733,3.8469522943572336,0.999956774455026,0.8421208169046677,2.1162501088390617,1.073853594570413,0.1113643923489181,114.67,0.1808316632151416
2019-06-14,hormuz_crisis,2019-06-13,4369,-4.046041438166425,4.046041438166425,4.315058404835674,5.922866837318019,0.7588310332984157,3.893793394654338,0.8140909183383284,0.6185217976577609,2.243198745888074,0.7386286510818365,0.2616485682386406,192.64,1.4581169808422123
2019-06-15,hormuz_crisis,2019-06-13,2923,-4.5889967396345135,4.5889967396345135,4.9500393550943285,5.370495262412726,0.773989576329517,3.9969449391948166,1.5712635140301514,1.4460509811221154,1.906569506584581,1.113136364773423,0.5925981993252543,108.25,0.0756608059730511
2019-06-16,hormuz_crisis,2019-06-13,2402,-4.4631240790915765,4.4631240790915765,4.830642143913141,4.637726066588797,0.7595418248748735,4.082243476445183,1.3957291213237328,1.2904483970816938,1.4600013843608146,0.7561895029172859,0.8662685506611835,62.5,-0.6738044150278274
2019-06-17,hormuz_crisis,2019-06-13,2809,-3.2603674803059763,3.2603674803059763,3.5816394510053886,3.726697527588208,0.7189398891647837,4.0265411676532405,-0.2815624226128462,-0.3372952040227314,0.904797499873959,-0.2469239284356077,0.6875542267265391,126.36,0.37233436121514746
2019-06-18,hormuz_crisis,2019-06-13,3706,-3.695277435504525,3.695277435504525,3.946943818891777,4.951077012991201,0.7299877530495953,4.017950860810329,0.3249366736838554,0.1387821100287305,1.650965393941786,0.0260251430013745,0.6599932348553329,157.74,0.8863937849311601
2019-06-19,hormuz_crisis,2019-06-13,2366,-4.050760015960803,4.050760015960803,4.287158689211749,4.169805247572906,0.7695212368951354,4.045025684722112,0.8206711612918139,0.5821619212240667,1.1748385763604323,1.0027413497555029,0.7468596315269156,135.55,0.5228826755539033
2019-06-20,hormuz_crisis,2019-06-13,6235,-4.051256879570514,4.051256879570514,4.411774479803374,7.080637023073555,0.7797174307147281,4.084536917593803,0.8213640572043364,0.7445655388334553,2.9487732443332058,1.2546490184474923,0.8736267875682102,72.57,-0.5088401576403118
2019-06-21,hormuz_crisis,2019-06-13,8361,-3.9845727708707774,3.9845727708707774,4.3688532729249046,7.952675236153376,0.7797401466063676,4.116575445009003,0.7283704359263931,0.6886291343366332,3.4802154358742325,1.2552102383896016,0.9764186446931228,126.0,0.3664369299679274
2019-06-22,hormuz_crisis,2019-06-13,4385,-4.2710219084990175,4.2710219084990175,4.62738315425418,6.264214206428297,0.7858811329153773,4.169779489208259,1.1278350630977445,1.0255542365942751,2.4512244851226512,1.40692974980174,1.1471175797260342,167.47,1.0457882461407455
2019-06-23,hormuz_crisis,2019-06-13,4216,-4.5020320228203445,4.5020320228203445,4.746356591687001,6.467529567368067,0.7884171381212177,4.232674015979115,1.4499877843600568,1.1806045439973956,2.5751300197324016,1.4695844198185488,1.3489072914061526,99.31,-0.07079206999957954
2019-06-24,hormuz_crisis,2019-06-13,6034,-4.2160188946168375,4.2160188946168375,4.556872023833597,7.25483855427594,0.7514377476439552,4.272750510689909,1.0511311895386586,0.9336616874424848,3.054936073121448,0.5559697701168335,1.4774880237535697,171.25,1.1077112742365558
2019-06-25,hormuz_crisis,2019-06-13,5118,-4.12995578790458,4.12995578790458,4.529413247703691,6.55694312180297,0.7490679053189779,4.300449093278177,0.9311127907378274,0.8978764586408094,2.629620906266531,0.497420328451112,1.5663556769723923,82.02,-0.35403258740078597
2019-06-26,hormuz_crisis,2019-06-13,3166,-3.751302502240343,3.751302502240343,4.418158828022241,4.599300103385355,0.7432944598421447,4.312630915399406,0.4030658402827753,0.7528858427203025,1.4365836283604327,0.3547812990130201,1.6054396243329807,123.76,0.32974180220744737
2019-06-27,hormuz_crisis,2019-06-13,2851,-3.190482642156733,3.190482642156733,3.430713188357012,3.679146163404128,0.6995672831186643,4.218880855681858,-0.3790195874252899,-0.5339875407642705,0.8758184932046263,-0.7255444913547638,1.304653554516111,134.94,0.5128898059405581
2019-06-28,hormuz_crisis,2019-06-13,2614,-2.867683677437583,2.867683677437583,3.16410986777176,3.1389386770428267,0.6902380090448403,4.111766393539258,-0.8291754830250994,-0.8814342288939386,0.546602357796073,-0.9560339979400267,0.9609893671493048,153.9,0.8234878516274796
2019-06-29,hormuz_crisis,2019-06-13,976,-2.697764401611434,2.697764401611434,3.015751375107673,1.4977411565279604,0.6777705166226237,3.996301682212203,-1.066134619048788,-1.074780158790425,-0.4535850124038195,-1.2640564822204516,0.5905343847499299,83.28,-0.3333915780355158
2019-06-30,hormuz_crisis,2019-06-13,653,-3.15123735814296,3.15123735814296,3.825215719130461,1.2705854634850402,0.6983820232865773,3.980728060422537,-0.4337486848022279,-0.01985816880029,-0.5920194497037595,-0.7548275793754697,0.5405682460078213,23.66,-1.3100717195890104
2019-07-01,hormuz_crisis,2019-06-13,2267,-3.0720835666436987,3.0720835666436987,3.2476185122476093,3.0786105008647,0.7196463855206978,3.904001794884645,-0.5441317708616003,-0.772602868918234,0.5098368380299771,-0.2294691945313021,0.2944010229425919,112.52,0.14561089326646634
2019-07-02,hormuz_crisis,2019-06-13,1683,-3.504646466005195,3.504646466005195,3.847982803204817,2.888333975517084,0.7329529612224028,3.902497439709844,0.0590942634434992,0.0098126842957625,0.3938775003394706,0.0992837227434593,0.2895744758235762,138.22,0.5666219573041184
2019-07-03,hormuz_crisis,2019-06-13,1334,-3.670999129693491,3.670999129693491,3.9914576749283976,2.571084600751293,0.7405731451793806,3.911749783423404,0.2910796180841869,0.1967941101112989,0.2005376896961961,0.2875483643902031,0.3192595353380048,66.82,-0.6030352400611871
2019-07-04,hormuz_crisis,2019-06-13,1396,-3.3102557053062207,3.3102557053062207,3.5367322602523026,2.3950144120579657,0.7067726212432306,3.8782399486164816,-0.211991324005362,-0.39581981154118,0.0932360536661027,-0.5475290513570268,0.2117471610296167,105.83,0.03601696258896088
2019-07-05,hormuz_crisis,2019-06-13,1599,-3.788521277688561,3.788521277688561,4.265293804477429,3.014619905190868,0.7310308920951398,3.921887434549939,0.4549688914886485,0.5536668455790994,0.4708393469879142,0.0517969878421201,0.351784999841302,98.35,-0.08651855332549975
2019-07-06,hormuz_crisis,2019-06-13,1089,-3.136726413280002,3.136726413280002,3.551137379918625,1.8924684463814163,0.7129159849084623,3.8825146819581167,-0.4539847700897605,-0.3770465602958907,-0.213028196390105,-0.3957508048645115,0.2254621415343692,52.01,-0.8456490088704333
2019-07-07,hormuz_crisis,2019-06-13,2585,-3.2283367392026,3.2283367392026,3.4469210381769613,3.5097887360055458,0.7179400491694115,3.8345697960773646,-0.3262305551784547,-0.5128649090983095,0.7726077840631287,-0.271626024801729,0.0716365990724426,52.03,-0.8453213738011431
2019-07-08,hormuz_crisis,2019-06-13,2814,-2.988251755968166,2.988251755968166,3.1874253399298653,3.419281997330585,0.7098501646294424,3.767308791835199,-0.6610385392808591,-0.8510486974394543,0.7174506833429918,-0.4714951122777835,-0.1441624433909944,53.51,-0.8210763786736831
2019-07-09,hormuz_crisis,2019-06-13,2329,-2.3324381272982526,2.3324381272982526,2.536211853815713,2.377420748528252,0.6576099653832259,3.639715601626577,-1.5755965262227294,-1.6997326842669391,0.0825140291455894,-1.7621440580473469,-0.5535302276236088,96.65,-0.1143675342151497
2019-07-10,hormuz_crisis,2019-06-13,1590,-3.2467164317128545,3.2467164317128545,3.874930218581775,2.5734490028646384,0.7113390804246857,3.662232788708781,-0.3005993486161864,0.0449314900399109,0.2019786162771113,-0.4347098850160468,-0.4812864741135575,100.78,-0.04671089240676445
2019-07-11,hormuz_crisis,2019-06-13,2620,-4.376230991761217,4.376230991761217,4.706839702787567,4.79685791553718,0.7873058659118498,3.7679095829439015,1.2745532817956762,1.1291047646879857,1.5569803667960291,1.4421292736633091,-0.1422348755909099,119.68,0.2629042480722871
2019-07-12,hormuz_crisis,2019-06-13,1261,-3.993684655330702,3.993684655330702,4.362155041329488,2.6854815537812606,0.7651338422560653,3.827594219712022,0.7410773184073457,0.6798997667539483,0.270254092615224,0.8943461608531365,0.0492562805322703,107.37,0.0612448629242911
2019-07-13,hormuz_crisis,2019-06-13,827,-4.760178988403284,4.760178988403284,5.305493349594887,2.3226231007410494,0.7895836021234806,3.977347125532252,1.8099839156657007,1.9092909471531765,0.0491189535691723,1.4984031371381945,0.5297209129925736,77.71,-0.42463794483278133
2019-07-14,hormuz_crisis,2019-06-13,866,-4.428956830882727,4.428956830882727,4.763324338938994,2.2409276606135986,0.7760412446040601,4.055573084645829,1.3480815452820387,1.202717500335616,-0.0006683184666542,1.1638249826159297,0.7806997269828528,31.32,-1.1845874880509397
2019-07-15,hormuz_crisis,2019-06-13,1376,-3.506309735023748,3.506309735023748,3.8672338405201616,2.510898167319997,0.727444652571092,4.038316353760792,0.0614137577309779,0.0349013033857043,0.1638585515529252,-0.0368048231726924,0.7253335301352359,31.06,-1.1888467439517096
2019-07-16,hormuz_crisis,2019-06-13,1442,-3.715065782277488,3.715065782277488,4.050730874412511,2.750409899657712,0.7538686115921557,4.040130969299122,0.3525323042081762,0.2740409981485351,0.309823072400926,0.6160268150233266,0.7311555112374065,76.37,-0.44658949447521123
2019-07-17,hormuz_crisis,2019-06-13,1142,-3.462500554142697,3.462500554142697,3.8089609384300895,2.164526034862484,0.7347154669844775,4.014373121625972,0.0003201260578971,-0.0410419624162894,-0.0472294058335368,0.1428282772543086,0.6485144783475019,147.23,0.7142215560192638
2019-07-18,hormuz_crisis,2019-06-13,3196,-4.2197057912721405,4.2197057912721405,4.418261963235432,5.20174493683536,0.7671657370708467,4.054797832880359,1.0562727124282871,0.7530202521049048,1.8037287806817952,0.9445462546210056,0.7782124226295886,102.68,-0.015585560824214216
2019-07-19,hormuz_crisis,2019-06-13,4846,-4.156473663177896,4.156473663177896,4.445474913044672,6.419474459494125,0.7846660307471806,4.0942886835049865,0.9680930143375206,0.7884851115248974,2.5458440188895337,1.376909375549453,0.9049141846219968,48.78,-0.8985620725607684
2019-07-20,hormuz_crisis,2019-06-13,4023,-3.974232847721805,3.974232847721805,4.264384102550099,5.56814649100148,0.7664972196269257,4.109293565038473,0.7139510050288727,0.5524812904962058,2.027023175364769,0.9280298295943992,0.9530555869648092,86.82,-0.27540017077118567
2019-07-21,hormuz_crisis,2019-06-13,2749,-3.741440195092263,3.741440195092263,4.018625528612275,4.221742906250197,0.7478967114339784,4.096207870393077,0.389312463747671,0.2322001986976417,1.2064907020780504,0.4684847544146886,0.9110716706337616,61.02,-0.6980494101552874
2019-07-22,hormuz_crisis,2019-06-13,4003,-3.71726584580007,3.71726584580007,4.062021821423784,5.194165863398719,0.7456084941959263,4.09005645783258,0.3556003796161815,0.2887557516493634,1.7991099012145826,0.4119519461827689,0.891335584987859,193.02,1.4643420471587227
2019-07-23,hormuz_crisis,2019-06-13,2888,-2.8291911293799186,2.8291911293799186,3.013645749537662,3.2875350081794164,0.6783022330590024,3.974044568894896,-0.8828548604044303,-1.0775242830163934,0.6371607286216837,-1.2509198696507693,0.5191250474081583,139.27,0.5838227984418436
2019-07-24,hormuz_crisis,2019-06-13,1938,-2.8988370101970427,2.8988370101970427,3.167035830954392,2.625704514341096,0.70527913309863,3.886434374870596,-0.7857309310221061,-0.8776210122574652,0.2338244495474978,-0.5844272433080788,0.2380380164680586,99.52,-0.06735190177203464
2019-07-25,hormuz_crisis,2019-06-13,1155,-3.107634566009525,3.107634566009525,3.605410529940551,1.959087038568393,0.7132352594723189,3.859296755535937,-0.4945544992216005,-0.3063159100245907,-0.1724291376582785,-0.3878627917022643,0.1509701480480155,74.44,-0.4782062786616965
2019-07-26,hormuz_crisis,2019-06-13,1389,-3.723050352658984,3.723050352658984,4.423869317115495,2.684050961866708,0.7460937688844598,3.922711026686821,0.3636671027171775,0.7603279500380059,0.2693822536397443,0.4239411666337167,0.3544273986059638,137.65,0.5572843578293534
2019-07-27,hormuz_crisis,2019-06-13,844,-3.4955016991735923,3.4955016991735923,3.69457777831341,1.733185677448783,0.7455592454858623,3.903646517123028,0.046341525197535,-0.1901100613173214,-0.3100991532892534,0.4107352051166578,0.2932611559181629,62.81,-0.6687260714538323
2019-07-28,hormuz_crisis,2019-06-13,1333,-3.464529394639813,3.464529394639813,3.779675884213184,2.425169726153573,0.7277144862794799,3.890997960331074,0.0031494241995533,-0.079207260121604,0.1116134664551346,-0.0301382982304261,0.2526797451140553,31.78,-1.1770518814572697
2019-07-29,hormuz_crisis,2019-06-13,1242,-2.7850992199270093,2.7850992199270093,3.314258007463498,1.852170905442164,0.7043056634064954,3.8336919813093098,-0.9443427682288836,-0.6857559689600263,-0.2375865393035826,-0.6084778336584435,0.0688202333559203,137.61,0.5566290876907736
2019-07-30,hormuz_crisis,2019-06-13,856,-2.939641048644277,2.939641048644277,3.2216016331242985,1.473865819712036,0.7007319110871624,3.769023759743841,-0.7288280890712802,-0.8065089675632946,-0.4681352478532763,-0.6967711351761003,-0.1386601700201125,152.36,0.7982599512921497
2019-07-31,hormuz_crisis,2019-06-13,994,-2.864640527392079,2.864640527392079,3.1329685676917887,1.6128070657089608,0.6942887670325056,3.700677238918508,-0.8334192758618275,-0.9220186505473754,-0.3834609306496014,-0.8559557707934008,-0.3579419651106489,89.66,-0.22887599093200536
2019-08-01,hormuz_crisis,2019-06-13,1249,-4.043459415905665,4.043459415905665,4.4026717854031086,2.700071087647564,0.7613393213909218,3.7756588400811935,0.8104901863958879,0.7327025919823585,0.2791453243699504,0.8005985407260403,-0.1173722930459054,107.73,0.06714229417151112
2019-08-02,hormuz_crisis,2019-06-13,655,-3.648205499843783,3.648205499843783,3.992767977710885,1.47466985240775,0.7368049892110704,3.795864731386295,0.2592930017054971,0.1985017421138675,-0.467645249947827,0.1944521167079737,-0.0525440609240395,110.99,0.12054681046578122
2019-08-03,hormuz_crisis,2019-06-13,397,-2.553569021401056,2.553569021401056,3.150565913375801,0.673734296139798,0.6864221825794579,3.729122695749108,-1.267220767439732,-0.8990851797100237,-0.9557556801122103,-1.0503079952801535,-0.266678053492894,112.18,0.14004109708853651
2019-08-04,hormuz_crisis,2019-06-13,1036,-4.46446514248232,4.46446514248232,4.945523763054157,2.593996777462322,0.7843351229528407,3.8590388282167822,1.3975992871473484,1.4401661050603394,0.2145009509634748,1.3687339512196424,0.1501426184991217,115.36,0.19213507310564662
2019-08-05,hormuz_crisis,2019-06-13,1220,-4.026823898121574,4.026823898121574,4.545314934091334,2.6431562916812337,0.7613706603686184,3.9351653770104495,0.7872913003233147,0.9186000875098524,0.2444600050275419,0.8013728030586761,0.3943857207366747,103.52,-0.0018248879140343296
2019-08-06,hormuz_crisis,2019-06-13,1812,-3.680039162898917,3.680039162898917,4.026405124491267,3.187922237186399,0.7213952157758414,3.952518936328706,0.303686301155123,0.2423388376958702,0.576454180986531,-0.1862625077709241,0.4500625802543978,270.94,2.7408082771125684
2019-08-07,hormuz_crisis,2019-06-13,710,-3.924625596292477,3.924625596292477,4.350402743957458,1.6944773967272302,0.7326997320640557,3.9949331116347273,0.6447717351546869,0.6645837654721076,-0.3336889607413775,0.0930274306355667,0.5861434865840391,106.0,0.038801860677925924
2019-08-08,hormuz_crisis,2019-06-13,735,-3.775430761412765,3.775430761412765,4.07106489056305,1.6763885279018147,0.7400691700750514,3.999035226440812,0.4367136499232934,0.3005409927936531,-0.3447127759215926,0.2750971305418999,0.5993046407654573,144.63,0.6716289970115638
2019-08-09,hormuz_crisis,2019-06-13,760,-3.379845078609678,3.379845078609678,3.72694287096729,1.5417082627931984,0.7239964215166124,3.9683180349934655,-0.114946196580922,-0.1479307507636683,-0.4267903433642684,-0.1219969901140614,0.5007521351020355,105.86,0.0365084151928959
2019-08-10,hormuz_crisis,2019-06-13,436,-4.08855529227374,4.08855529227374,4.588087738319882,1.170823668441591,0.7466049612621695,4.026333136577077,0.8733781657052115,0.9743430885295096,-0.6528168163727183,0.4365707107950406,0.6868867834205022,90.66,-0.2124942374675053
2019-08-11,hormuz_crisis,2019-06-13,364,-4.227995032709077,4.227995032709077,4.709241145233855,1.0332179774451395,0.7475747304264925,4.094325263287407,1.0678323867479795,1.1322344077204314,-0.7366772125053561,0.4605298757223063,0.905031546563123,76.15,-0.45019348023740124
2019-08-12,hormuz_crisis,2019-06-13,733,-1.8848248347396,1.8848248347396,2.46550641578709,0.8350709614432428,0.6344288276924518,3.923702346140321,-2.199810927806794,-1.7918784618284271,-0.85743302670237,-2.334858392105014,0.3576079307917555,151.52,0.7844992783819695
2019-08-13,hormuz_crisis,2019-06-13,626,-3.302977303025893,3.302977303025893,3.657176348530463,1.286136425307731,0.710554444698525,3.894876343561424,-0.2221413432282774,-0.2388529009821554,-0.5825422993820624,-0.4540951340655288,0.2651230827782168,40.67,-1.031418093157864
2019-08-14,hormuz_crisis,2019-06-13,414,-3.468562696318396,3.468562696318396,4.08970674672528,0.9494207341629496,0.7227183088544711,3.915909801140826,0.0087740225650601,0.3248357058900172,-0.7877453766603452,-0.1535741047455078,0.3326064642184986,105.77,0.03503405738109084
2019-08-15,hormuz_crisis,2019-06-13,1513,-2.498291102391605,2.498291102391605,2.644701170247425,1.913108533219712,0.6523448479824348,3.7789944578163,-1.344308007047959,-1.5583456467427907,-0.200449604284375,-1.8922243089027504,-0.1066703548073949,96.89,-0.11043591338366976
2019-08-16,hormuz_crisis,2019-06-13,1123,-2.9336983002101165,2.9336983002101165,3.170868497024453,1.8111786310335043,0.6887598370135275,3.7111428544481018,-0.7371154862939807,-0.8726261489908468,-0.2625682704034733,-0.9925537892388347,-0.3243642652900295,104.61,0.016031223362270808
2019-08-17,hormuz_crisis,2019-06-13,1489,-4.406837385355386,4.406837385355386,4.626687349466759,3.3370504199470385,0.7508292315974121,3.804698121742681,1.317235105547654,1.0246474396780043,0.6673366756732527,0.5409357425808147,-0.0242031641133011,99.68,-0.06473082121771444
2019-08-18,hormuz_crisis,2019-06-13,1117,-3.955683113842296,3.955683113842296,4.469486192119897,2.43237445190306,0.7727528468897157,3.873666804444664,0.6880826690664765,0.8197774426711495,0.1160042089528019,1.0825816660794396,0.1970747643795092,88.66,-0.24525774439650544
2019-08-19,hormuz_crisis,2019-06-13,1503,-4.139947684963053,4.139947684963053,4.503341251454466,3.1555692288636563,0.7602914751078577,3.939071433397759,0.945046885517256,0.8638985294468413,0.5567374376281644,0.7747103986423713,0.4069178444789026,127.85,0.3967431738772525
2019-08-20,hormuz_crisis,2019-06-13,836,-3.4482239388613576,3.4482239388613576,3.7906226720855902,1.6969424566423752,0.7309149927052194,3.928517408271581,-0.019589177380225,-0.0649410267394534,-0.3321866907445641,0.0489335717837111,0.3730564928380006,76.68,-0.4415111509012162
2019-08-21,hormuz_crisis,2019-06-13,1543,-3.452303049335596,3.452303049335596,3.711017230467624,2.6800901763440668,0.7337795667115609,3.9097715249346767,-0.0139006968413272,-0.1686855974617733,0.2669684505439574,0.119705878832889,0.3129125250246373,114.39,0.17624477224508156
2019-08-22,hormuz_crisis,2019-06-13,840,-2.9713447248994185,2.9713447248994185,3.446150807597458,1.4677809080647943,0.7221808844459062,3.862529942214404,-0.6846160613441888,-0.5138687002864955,-0.4718435472519033,-0.1668517387582705,0.1613434482563606,147.97,0.7263440535829941
2019-08-23,hormuz_crisis,2019-06-13,990,-3.6233418491603353,3.6233418491603353,4.003083075869562,2.0336771650675267,0.7436143432499702,3.8742614657558456,0.2246196595805423,0.2119447355660767,-0.1269720238535723,0.3626843543044694,0.198982665443269,96.78,-0.11223790626476476
2019-08-24,hormuz_crisis,2019-06-13,952,-3.1876013016147726,3.1876013016147726,3.610475065633751,1.7361181837310389,0.7238426073259308,3.84741836895122,-0.3830377305234955,-0.2997156315672406,-0.308312009627457,-0.1257971311149018,0.1128597380136465,66.05,-0.6156491902288521
2019-08-25,hormuz_crisis,2019-06-13,2031,-4.238337616697335,4.238337616697335,4.668309136905748,3.9584685685407903,0.7784593785215517,3.9344149182529655,1.082255528290893,1.0788903957220923,1.046044647180233,1.2235675187542494,0.3919779618413351,83.02,-0.33765083393628587
2019-08-26,hormuz_crisis,2019-06-13,2063,-3.84591306020732,3.84591306020732,4.346246707911704,3.628564015470583,0.7506896259556223,3.9812972494381698,0.5350039971844779,0.6591674752448334,0.8449924500938355,0.5374866386914842,0.5423944221991842,121.19,0.28764069580368207
2019-08-27,hormuz_crisis,2019-06-13,1357,-3.761238854377202,3.761238854377202,4.13895369937754,2.6668035542501265,0.7431132035772227,4.002128966436599,0.4169224754769267,0.3890160415360416,0.2588712462496145,0.3503031727690297,0.6092305426493778,178.1,1.2199262854683812
2019-08-28,hormuz_crisis,2019-06-13,774,-3.4560881298442165,3.4560881298442165,3.8505146939971135,1.5997271485617892,0.7258903651828079,3.990930183935205,-0.0086222526934099,0.0131123321342009,-0.3914321637098109,-0.0752051242446128,0.5733005625994777,83.47,-0.3302790448772608
2019-08-29,hormuz_crisis,2019-06-13,1049,-3.2526814433781275,3.2526814433781275,3.591863210709484,1.9078487521140703,0.7411052629956725,3.9465458004849534,-0.2922809044390791,-0.3239712460104169,-0.2036550482154798,0.3006948934718683,0.4308984745424953,76.37,-0.44658949447521123
2019-08-30,hormuz_crisis,2019-06-13,865,-3.392471530820812,3.392471530820812,3.885830012619837,1.714939351851681,0.7401944908280471,3.9398836573436062,-0.0973381106680808,0.0591364794282903,-0.3212189266173606,0.2781933112623198,0.4095237697361094,45.78,-0.9477073329542687
2019-08-31,hormuz_crisis,2019-06-13,1004,-3.228367803428424,3.228367803428424,3.6533663339304265,1.831539338790514,0.7327325503067937,3.9140086377041214,-0.3261872348895896,-0.2438182440679143,-0.2501599389916007,0.0938382397634613,0.326506804336372,37.03,-1.0910476757686443
2019-09-01,hormuz_crisis,2019-06-13,848,-4.968196706675097,4.968196706675097,5.412497902179023,2.472593169654235,0.8174271993554639,4.066436426400983,2.100072833239363,2.048742988967737,0.140514515017449,2.1863084271719875,0.8155534847453006,35.54,-1.1154564884307494
2019-09-02,hormuz_crisis,2019-06-13,1378,-3.565769502024453,3.565769502024453,3.9556732095623377,2.5561270531678506,0.751635206683293,4.052103811366717,0.1443327494001315,0.1501585545201877,0.1914221810538056,0.5608482029067393,0.7695689706090569,118.91,0.2502902979046219
2019-09-03,hormuz_crisis,2019-06-13,1232,-3.386404789577904,3.386404789577904,3.849075931403336,2.238786305057016,0.7422945331028659,4.030821723825819,-0.1057984207559687,0.0112372868530093,-0.0019733148220774,0.3300770595476527,0.7012878891013622,83.73,-0.3260197889764907
2019-09-04,hormuz_crisis,2019-06-13,1204,-2.7608330778567503,2.7608330778567503,3.093782672069714,1.7946947498573265,0.6904141143745299,3.93017814085292,-0.9781828610119992,-0.973087067945166,-0.2726139654268955,-0.9516831309565948,0.3783847585229798,89.65,-0.22903980846665023
2019-09-05,hormuz_crisis,2019-06-13,1027,-3.004081318515447,3.004081318515447,3.199687560321902,1.7339445777201743,0.7072873922180478,3.852316906035323,-0.6389635895931352,-0.8350681468034884,-0.3096366602272064,-0.5348110941986084,0.1285761196545607,81.01,-0.3705781583999309
2019-09-06,hormuz_crisis,2019-06-13,587,-2.8062645500433905,2.8062645500433905,3.1451649990430344,1.0357607691151884,0.6988408274937242,3.7783888500707135,-0.9148268800893578,-0.9061238384696836,-0.735127570806754,-0.7434923399465786,-0.1086133762219322,81.74,-0.358619478370846
2019-09-07,hormuz_crisis,2019-06-13,1137,-3.4950690749443747,3.4950690749443747,3.842786307344696,2.177765756866153,0.7543453657978785,3.7807126725301856,0.0457382136363251,0.0030404307750062,-0.0391607836430323,0.6278055280046309,-0.1011576644427353,18.95,-1.3872297784068057
2019-09-08,hormuz_crisis,2019-06-13,681,-3.155915967798353,3.155915967798353,3.5194395670972214,1.31705857806451,0.7234799861199195,3.748014688973072,-0.4272241789959036,-0.4183562486432613,-0.5636975556750284,-0.1347560685616427,-0.2060653092454391,64.95,-0.6336691190398022
2019-09-09,hormuz_crisis,2019-06-13,1097,-3.48517382033604,3.48517382033604,3.824835682366561,2.114274870043289,0.7406409689732394,3.763203677102058,0.0319388905676202,-0.0203534458834665,-0.0778537394446578,0.2892240223950553,-0.1573332224864851,72.86,-0.5040894491356066
2019-09-10,hormuz_crisis,2019-06-13,1403,-3.2885903001141976,3.2885903001141976,3.589213492077528,2.3878198966073594,0.7156565604426702,3.745429334079077,-0.2422045865733919,-0.3274244511735319,0.0888515335833847,-0.328042010199386,-0.2143601171633174,104.88,0.020454296797685765
2019-09-11,hormuz_crisis,2019-06-13,1822,-3.366011220331563,3.366011220331563,3.629226227623778,2.926635452273179,0.7350653293167574,3.731266022166909,-0.1342380579045905,-0.2752784673274406,0.4172193911433476,0.1514719933357355,-0.2598014420913906,98.75,-0.07996585193969963
2019-09-12,hormuz_crisis,2019-06-13,1456,-2.749730965126521,2.749730965126521,3.0349110021271257,2.04966258894977,0.6883149871329358,3.663785451925649,-0.9936651953604834,-1.0498106687664637,-0.117230101340007,-1.003544272385833,-0.476304936308054,79.5,-0.3953146061313261
2019-09-13,hormuz_crisis,2019-06-13,753,-3.099631371782787,3.099631371782787,3.401200807270679,1.40341476453313,0.7055829426172361,3.638798996442957,-0.5057152694177852,-0.5724490987252043,-0.5110699066779448,-0.5769213103185122,-0.5564710478383964,70.57,-0.5416036645693119
2019-09-14,hormuz_crisis,2019-06-13,2612,-6.362665040729929,6.362665040729929,6.590575463056135,6.961271588471937,0.8580782536143194,3.944822204975464,4.044713957934975,3.584054499672427,2.8760289228029694,3.1906353838195174,0.4253685205262987,46.44,-0.9368953756676986
2019-09-15,hormuz_crisis,2019-06-13,3491,-5.775578295144943,5.775578295144943,6.08104588239954,7.485578779305027,0.8274287151708248,4.167344402707728,3.2259983217695267,2.9200178893458792,3.1955550150747447,2.4334063714649177,1.1393048903222551,74.36,-0.4795168189388565
2019-09-16,hormuz_crisis,2019-06-13,6581,-5.008507787333835,5.008507787333835,5.296060561083614,8.978112106624991,0.8187209890556371,4.284593806800959,2.1562882260994938,1.896997810215217,4.105142657590518,2.2182728594802525,1.5154858501192543,178.92,1.2333593233092712
2019-09-17,hormuz_crisis,2019-06-13,4319,-4.316952097726777,4.316952097726777,4.598144914696842,6.281300865688416,0.7874493337288779,4.320408454966429,1.1918865246161523,0.9874499493759528,2.461637528389692,1.4456737966450557,1.630392947736277,253.34,2.4524894161373676
2019-09-18,hormuz_crisis,2019-06-13,5262,-4.22453259882485,4.22453259882485,4.491014720207814,6.800621147984466,0.7756434127408629,4.341776613562183,1.063003886051066,0.8478341666760614,2.778124472190462,1.1539961289316436,1.6989501781274294,115.36,0.19213507310564662
2019-09-19,hormuz_crisis,2019-06-13,3952,-4.795958071590912,4.795958071590912,5.125868895395987,6.655215035574817,0.7926445951990113,4.429462076130465,1.8598792591965567,1.6751981324744112,2.6895103015229527,1.574028183423366,1.980278699361973,157.13,0.8764009153178147
2019-09-20,hormuz_crisis,2019-06-13,3194,-4.5474746244331765,4.5474746244331765,5.5363972203655605,5.603777746441198,0.7810029951614534,4.548623309925068,1.5133592857067466,2.2102128749051504,2.048737765613475,1.2864102372373514,2.362593540500141,126.96,0.3821634132938474
2019-09-21,hormuz_crisis,2019-06-13,2559,-4.4230743724502135,4.4230743724502135,4.883030345913318,4.779099144530384,0.7724235089730106,4.589091693426468,1.3398782248459882,1.3587225177568305,1.5461577215938251,1.0744450272241015,2.49243160206406,80.56,-0.377949947458956
2019-09-22,hormuz_crisis,2019-06-13,2020,-3.869381548280187,3.869381548280187,4.165973031633939,3.6011337875358644,0.7506365505397343,4.544005678724111,0.5677317299887221,0.424228571850191,0.8282757738869383,0.5361753548420639,2.3477784124353254,108.33,0.07697134625021107
